"Keep your eyes open for our special Back to School items and save A LOT!","Keep your eyes open for our special Back to School items and save A LOT!"
"Delivery period:","Delivery period:"
"Click on the seal to check validity!","Click on the seal to check validity!"
"is a certified online shop with Trusted Shops Certificate","is a certified online shop with Trusted Shops Certificate"
"more...","more..."
"Details for diecrema.de","Details for DieCrema.com"
"diecrema.de","DieCrema.com"
"Certificate of quality","Certificate of quality"
"All Rights Reserved.","All Rights Reserved."
"All prices include VAT and exclude","All prices include VAT and exclude"
"All prices include VAT","All prices include VAT"
"Productinfo","Productinfo"
"Specifications","Specifications"
"Instructions","Instructions"
"News","News"
"Your shop for espresso machines and coffee","DieCrema.com is a certified online shop with Trusted Shops Certificate and"
"We warmly welcome you to our online store DieCrema. Here you will find all you need to know about espresso machines, coffee machines, coffee grinders and espresso varieties. We offer only products of the highest quality having spent the last few years turning a much-loved hobby into a profession.","We warmly welcome you to our online store DieCrema. Here you will find all you need to know about espresso machines, coffee machines, coffee grinders and espresso varieties. We offer only products of the highest quality having spent the last few years turning a much-loved hobby into a profession."
"In our DieCrema online store, you will find everything about portafilter espresso machines, coffee grinders and espresso beans. We deal with the issue for several years espresso and strive only for quality goods. DieCrema stands for quality and enjoyment. Espresso should taste, but this is only possible with the correct filter holder espresso machine, a good grinder and the right coffee. Ask. Imagine that you are sitting on a summer day in Italy, at an outdoor café and an espresso A pleasurable moment. We want to give you this moment. With our original espresso varieties, for example Hausbrandt, along with a Bezzera espresso machine and a Mazzer coffee grinder, we bring you the feel of a real Italian cafes directly home.","In our DieCrema online store, you will find everything about portafilter espresso machines, coffee grinders and espresso beans. We deal with the issue for several years espresso and strive only for quality goods. DieCrema stands for quality and enjoyment. Espresso should taste, but this is only possible with the correct filter holder espresso machine, a good grinder and the right coffee. Ask. Imagine that you are sitting on a summer day in Italy, at an outdoor café and an espresso A pleasurable moment. We want to give you this moment. With our original espresso varieties, for example Hausbrandt, along with a Bezzera espresso machine and a Mazzer coffee grinder, we bring you the feel of a real Italian cafes directly home."
"We are an authorized trading partner of ATT, Ascaso, Bezzera, conceptart, Danesi, Elektra, Eureka, Faema, Hausbrandt, Ilsa, LaCimbali, LaMarzocco, LaPavoni, Mazzer, Macap, Nuova Ricambi, Nuova Simonelli, Quickmill, Rocket Espresso, Vibiemme and WaterAndMore.","We are an authorized trading partner of ATT, Ascaso, Bezzera, conceptart, Danesi, Elektra, Eureka, Faema, Hausbrandt, Ilsa, LaCimbali, LaMarzocco, LaPavoni, Mazzer, Macap, Nuova Ricambi, Nuova Simonelli, Quickmill, Rocket Espresso, Vibiemme and WaterAndMore."
"Trusted Shops certificate of quality","Trusted Shops certificate of quality"
"Please check validity!","Please check validity!"
"Buyer protection","Buyer protection"
"As an additional service, we offer you the Trusted Shops buyer protection.","As an additional service, we offer you the Trusted Shops buyer protection."
"We assume all the costs of this warranty, you only have to register.","We assume all the costs of this warranty, you only have to register."
"Registration for the Trusted Shops buyer protection","Registration for the Trusted Shops buyer protection"
"Authorized partners","Authorized partners"
"I want to subscribe to the newsletter","I want to subscribe to the newsletter (unsubscribe possible at any time)."

